Categoria,Porcentagem
Python,0.018575851393188854
Java,0.29721362229102166
Php,0.0
